<?xml version="1.0" encoding="UTF-8"?>
<metadata modelVersion="1.1.0">
  <groupId>org.apache.karaf.features</groupId>
  <artifactId>framework</artifactId>
  <version>4.1.0-SNAPSHOT</version>
  <versioning>
    <snapshot>
      <localCopy>true</localCopy>
    </snapshot>
    <lastUpdated>20160321135927</lastUpdated>
    <snapshotVersions>
      <snapshotVersion>
        <classifier>features</classifier>
        <extension>xml</extension>
        <value>4.1.0-SNAPSHOT</value>
        <updated>20160321135927</updated>
      </snapshotVersion>
    </snapshotVersions>
  </versioning>
</metadata>
